source_id,url,duplicate_of,sha256
sukisugite_metsu_0001_00054,https://books.r10s.jp/fan/images/oshiraku-images/m_lk_20251027_a0f7d45db2.jpg?fitin=300:225&#x27;),media/specific_meme_page_sukisugite_metsu/sukisugite_metsu_0001_00009__m_lk_20251027_a0f7d45db2.jpg,bf998c864b9518db35e38370619473a29a4c324df4c2ee8cf142698638a4204e
sukisugite_metsu_0001_00052,https://books.r10s.jp/fan/images/oshiraku-images/oshiraku_M_LK_M_LK_aonooto_main_a1745ebe7a.jpg?fitaround=720:540&#x27;),media/specific_meme_page_sukisugite_metsu/sukisugite_metsu_0001_00006__oshiraku_M_LK_M_LK_aonooto_main_a1745ebe7a.jpg,e8a260f413da39d3732a74606fb26a711c0530400b3c494c218df94925d0fc92
sukisugite_metsu_0001_00058,https://books.r10s.jp/fan/images/oshiraku-images/kiminosukihamuteki_main_a252fb2758.jpg?fitin=96:72&#x27;),media/specific_meme_page_sukisugite_metsu/sukisugite_metsu_0001_00022__kiminosukihamuteki_main_a252fb2758.jpg,bd6d6e49258ee9c7eb487b1c4336bee489266215e08dfe7850346710f12151a4
sukisugite_metsu_0001_00056,https://books.r10s.jp/fan/images/oshiraku-images/sanohayato_yoshidajinto_tsumitobatsutoametokiss_jacket_8431e6616a.jpg?fitin=96:72&#x27;),media/specific_meme_page_sukisugite_metsu/sukisugite_metsu_0001_00020__sanohayato_yoshidajinto_tsumitobatsutoametokiss_jacket_8431e6616a.jpg,8bef858d2a34d42a6f534c04f63bf6f23c056e538d4928e60757d4d9c7ee7723
sukisugite_metsu_0001_00061,https://books.r10s.jp/fan/images/oshiraku-images/695_BBK_0237_f7471491fd.JPG?fitin=96:72&#x27;),media/specific_meme_page_sukisugite_metsu/sukisugite_metsu_0001_00025__695_BBK_0237_f7471491fd.jpg,902fba2221f076a7586fea558c5b505626a0efdc5146864db801c610a0892a50
sukisugite_metsu_0001_00053,https://books.r10s.jp/fan/images/oshiraku-images/m_lk_sukisugitemetsu_mvthumbnail_df0665074a.png?fitin=300:225&#x27;),media/specific_meme_page_sukisugite_metsu/sukisugite_metsu_0001_00008__m_lk_sukisugitemetsu_mvthumbnail_df0665074a.png,d7ab68fdfaebe6d00c6a40bf9a33304dca5b88198d1d5bf71f31aace39111ba1
sukisugite_metsu_0001_00059,https://books.r10s.jp/fan/images/oshiraku-images/onitaiji_main_5afc7fac0a.jpg?fitin=96:72&#x27;),media/specific_meme_page_sukisugite_metsu/sukisugite_metsu_0001_00023__onitaiji_main_5afc7fac0a.jpg,dd51cd50b5677769ed936a8beffbcdce37cf5cdb07191b1f6c52210f51677a10
sukisugite_metsu_0001_00062,https://books.r10s.jp/fan/images/oshiraku-images/DSB_1226_aebe604920.jpg?fitin=96:72&#x27;),media/specific_meme_page_sukisugite_metsu/sukisugite_metsu_0001_00026__DSB_1226_aebe604920.jpg,bd40d28dad128a6151610623333c2a53d50f934778c0b6f998e7f1bd6c03fad5
sukisugite_metsu_0001_00057,https://books.r10s.jp/fan/images/oshiraku-images/otonamoratorium_main_39611a19e2.jpg?fitin=96:72&#x27;),media/specific_meme_page_sukisugite_metsu/sukisugite_metsu_0001_00021__otonamoratorium_main_39611a19e2.jpg,3ecd4f1f5dd392ca20774a962435b6047d62e38b0f65cdb4382d2cfe02d33306
sukisugite_metsu_0001_00063,https://books.r10s.jp/fan/images/oshiraku-images/DSC_9022_3cc4e0d1a6.JPG?fitin=96:72&#x27;),media/specific_meme_page_sukisugite_metsu/sukisugite_metsu_0001_00027__DSC_9022_3cc4e0d1a6.jpg,3f67350b08bfcfc701ffc28312a738940ee58756e82e92ad931dd32eb0b63b90
sukisugite_metsu_0001_00064,https://books.r10s.jp/fan/images/oshiraku-images/AAK_0078_4ac330ff8b.JPG?fitin=96:72&#x27;),media/specific_meme_page_sukisugite_metsu/sukisugite_metsu_0001_00028__AAK_0078_4ac330ff8b.jpg,cff91d6b0ca93ae3b34c74c41629904f6a61dde773cdb9c62acd19c12727fc68
sukisugite_metsu_0001_00066,https://books.r10s.jp/fan/images/oshiraku-images/goodphrases_main_097086e8c5.jpg?fitin=96:72&#x27;),media/specific_meme_page_sukisugite_metsu/sukisugite_metsu_0001_00032__goodphrases_main_097086e8c5.jpg,14a5e57a18eaf5f61183debc8477eed28fffa8ebedb4e9a87be1e53cb250e930
sukisugite_metsu_0001_00065,https://books.r10s.jp/fan/images/oshiraku-images/BBK_0463_8f882c7ef6.JPG?fitin=96:72&#x27;),media/specific_meme_page_sukisugite_metsu/sukisugite_metsu_0001_00029__BBK_0463_8f882c7ef6.jpg,093834fc2d9bc225b32bd51c432cef6f2e6dd905f65adc2c16429e3ec91f8ccc
sukisugite_metsu_0001_00049,https://fan.books.rakuten.co.jp/_next/image?url=%2Fimages%2Fsns%2Fx.png&w=2048&q=75,media/specific_meme_page_sukisugite_metsu/sukisugite_metsu_0001_00043__image.png,ea40eb74e3401b5883f76ac212b3cedc1ad0d6a1d55612c8d273628218a22f7a
sukisugite_metsu_0001_00069,https://books.r10s.jp/fan/images/oshiraku-images/tamotsun_main_0d9b3778d5.jpg?fitin=96:72&#x27;),media/specific_meme_page_sukisugite_metsu/sukisugite_metsu_0001_00035__tamotsun_main_0d9b3778d5.jpg,5dfd804868ca1f18b0ea40ae58ff488afeefd6216bf73d6b1e05a16825855633
sukisugite_metsu_0001_00067,https://books.r10s.jp/fan/images/oshiraku-images/edogawakai_main_959a1b3f43.jpg?fitin=96:72&#x27;),media/specific_meme_page_sukisugite_metsu/sukisugite_metsu_0001_00033__edogawakai_main_959a1b3f43.jpg,5b74747459d486aabb5cb4e666a12deb2ace94a892ac51994fb8df780076dda8
sukisugite_metsu_0001_00073,https://books.r10s.jp/fan/images/oshiraku-images/kaeremonday_main_0d93cfaa64.jpg?fitin=96:72&#x27;),media/specific_meme_page_sukisugite_metsu/sukisugite_metsu_0001_00039__kaeremonday_main_0d93cfaa64.jpg,dd1c6e7198ac51c106b938d882dd986ef8dfe4356ec8b465cb9838a5be8ab064
sukisugite_metsu_0001_00047,https://fan.books.rakuten.co.jp/_next/image?url=%2Fimages%2Fsns%2Fx.png&w=1200&q=75,media/specific_meme_page_sukisugite_metsu/sukisugite_metsu_0001_00043__image.png,ea40eb74e3401b5883f76ac212b3cedc1ad0d6a1d55612c8d273628218a22f7a
sukisugite_metsu_0001_00070,https://books.r10s.jp/fan/images/oshiraku-images/chiikawa_main_78cc89060b.jpg?fitin=96:72&#x27;),media/specific_meme_page_sukisugite_metsu/sukisugite_metsu_0001_00036__chiikawa_main_78cc89060b.jpg,caba8bde833a32bcbe9e3d49ee8f1fd15b5bd51c01f261b750ccce7125f13279
sukisugite_metsu_0001_00072,https://books.r10s.jp/fan/images/oshiraku-images/glengarryglenross_main_c5965fc3f2.jpg?fitin=96:72&#x27;),media/specific_meme_page_sukisugite_metsu/sukisugite_metsu_0001_00038__glengarryglenross_main_c5965fc3f2.jpg,2fd3d5e5e4d901e536c1e84f322ea34310e8b224bd18a483bbfaa15ffb98cf48
sukisugite_metsu_0001_00071,https://books.r10s.jp/fan/images/oshiraku-images/showerofheart_main_973beca77a.jpg?fitin=96:72&#x27;),media/specific_meme_page_sukisugite_metsu/sukisugite_metsu_0001_00037__showerofheart_main_973beca77a.jpg,1afe345aca50a5f5a0b45b50cbca38d2c636cbcc03f3e3d251d4f916b883bc6e
sukisugite_metsu_0001_00074,https://books.r10s.jp/fan/images/oshiraku-images/tetuwandassyu_main_d63e4059a4.jpg?fitin=96:72&#x27;),media/specific_meme_page_sukisugite_metsu/sukisugite_metsu_0001_00040__tetuwandassyu_main_d63e4059a4.jpg,93d856655aa2bc2222e09c16e1d1786d13052b4f4c753477ac352d1052153426
sukisugite_metsu_0001_00075,https://books.r10s.jp/fan/images/oshiraku-images/300yennoshinigami_main_5502e50405.jpg?fitin=96:72&#x27;),media/specific_meme_page_sukisugite_metsu/sukisugite_metsu_0001_00041__300yennoshinigami_main_5502e50405.jpg,7e03b260cd4ba551ee6ae7e5575e9dac702f3d5e7a45e5a859be818e9892cdca
sukisugite_metsu_0001_00024,https://books.r10s.jp/fan/images/oshiraku-images/sore_snowman_main_fdbac76c3d.jpg?fitin=96:72,media/specific_meme_page_sukisugite_metsu/sukisugite_metsu_0001_00060__sore_snowman_main_fdbac76c3d.jpg,09874276922b6ae783a4293132ecc545ccf4f921675b97f1863675b33c0554fb
sukisugite_metsu_0001_00045,https://fan.books.rakuten.co.jp/_next/image?url=%2Fimages%2Fsns%2Fx.png&w=828&q=75,media/specific_meme_page_sukisugite_metsu/sukisugite_metsu_0001_00043__image.png,ea40eb74e3401b5883f76ac212b3cedc1ad0d6a1d55612c8d273628218a22f7a
sukisugite_metsu_0001_00042,https://fan.books.rakuten.co.jp/_next/image?url=%2Fimages%2Fsns%2Fx.png&w=3840&q=75,media/specific_meme_page_sukisugite_metsu/sukisugite_metsu_0001_00043__image.png,ea40eb74e3401b5883f76ac212b3cedc1ad0d6a1d55612c8d273628218a22f7a
sukisugite_metsu_0001_00044,https://fan.books.rakuten.co.jp/_next/image?url=%2Fimages%2Fsns%2Fx.png&w=750&q=75,media/specific_meme_page_sukisugite_metsu/sukisugite_metsu_0001_00043__image.png,ea40eb74e3401b5883f76ac212b3cedc1ad0d6a1d55612c8d273628218a22f7a
sukisugite_metsu_0001_00046,https://fan.books.rakuten.co.jp/_next/image?url=%2Fimages%2Fsns%2Fx.png&w=1080&q=75,media/specific_meme_page_sukisugite_metsu/sukisugite_metsu_0001_00043__image.png,ea40eb74e3401b5883f76ac212b3cedc1ad0d6a1d55612c8d273628218a22f7a
sukisugite_metsu_0001_00104,https://fan.books.rakuten.co.jp/apple-touch-icon-precomposed.png,media/specific_meme_page_sukisugite_metsu/sukisugite_metsu_0001_00103__apple-touch-icon.png,bc5025dbe72fe78519570caf5dda7e2da07a4e92c93b8189b2505fa4b72649a9
sukisugite_metsu_0001_00048,https://fan.books.rakuten.co.jp/_next/image?url=%2Fimages%2Fsns%2Fx.png&w=1920&q=75,media/specific_meme_page_sukisugite_metsu/sukisugite_metsu_0001_00043__image.png,ea40eb74e3401b5883f76ac212b3cedc1ad0d6a1d55612c8d273628218a22f7a
sukisugite_metsu_0001_00005,https://books.r10s.jp/fan/images/oshiraku-images/m_lk_sukisugitemetsu_jacket_69e6896746.jpg?fitaround=720:540,media/specific_meme_page_sukisugite_metsu/sukisugite_metsu_0001_00051__m_lk_sukisugitemetsu_jacket_69e6896746.jpg,187728206d06dc1a76e5ce93f1e3efbc800c783c4341fe85f68c4ca710b8d900
sukisugite_metsu_0001_00158,https://fan.books.rakuten.co.jp/apple-icon.png?7223a757851d8479\,media/specific_meme_page_sukisugite_metsu/sukisugite_metsu_0001_00147__apple-icon.png,9342085820c9efea9ea9a427fa02eca13e14ed2b14fa5e6e0555e467bb460098
modelpress_2026h1_0001_00006,https://prcdn.freetls.fastly.net/release_image/15193/109/15193-109-045027f385066a05b4b3c0d4f7f2c5ee-1200x1600.jpg?width=1950,media/trend_evidence_modelpress_2026h1/modelpress_2026h1_0001_00005__15193-109-045027f385066a05b4b3c0d4f7f2c5ee-1200x1600.jpg,9c760e6141b1dc786d04aba5c9ccf524ca04c5af474eeece1c73acb625b2f366
simeji_2026h1_0001_00002,https://prcdn.freetls.fastly.net/release_image/6410/970/6410-970-cdac85632de58e93dea0a9f3bf84c105-1366x690.png?width=1950&height=1350&quality=85%2C65&format=jpeg&auto=webp&fit=bounds&bg-color=fff,media/trend_evidence_simeji_2026h1/simeji_2026h1_0001_00001__6410-970-cdac85632de58e93dea0a9f3bf84c105-1366x690.jpg,b007803a5440db72d1c9f31c6f0f51575048469955a3ab1a6594f5214efd84a3
simeji_2026h1_0001_00024,https://prcdn.freetls.fastly.net/release_image/6410/970/6410-970-cdac85632de58e93dea0a9f3bf84c105-1366x690.png?format=jpeg,media/trend_evidence_simeji_2026h1/simeji_2026h1_0001_00001__6410-970-cdac85632de58e93dea0a9f3bf84c105-1366x690.jpg,b007803a5440db72d1c9f31c6f0f51575048469955a3ab1a6594f5214efd84a3
fasme_2026h1_0001_00022,https://prcdn.freetls.fastly.net/release_image/2235/440/2235-440-36768418d9a4359af8e2291c6100760b-1200x1200.png?format=jpeg,media/trend_evidence_fasme_2026h1/fasme_2026h1_0001_00002__2235-440-36768418d9a4359af8e2291c6100760b-1200x1200.jpg,8c437f0338ac698b8b2033990d22e5ce50f92116e52eeaf5b0e5c1aad8622875
fasme_2026h1_0001_00001,https://prcdn.freetls.fastly.net/release_image/2235/440/2235-440-36768418d9a4359af8e2291c6100760b-1200x1200.png?format=jpeg&auto=webp&fit=bounds&width=2400&height=1260,media/trend_evidence_fasme_2026h1/fasme_2026h1_0001_00002__2235-440-36768418d9a4359af8e2291c6100760b-1200x1200.jpg,8c437f0338ac698b8b2033990d22e5ce50f92116e52eeaf5b0e5c1aad8622875
modelpress_2025annual_0001_00005,https://prcdn.freetls.fastly.net/release_image/15193/100/15193-100-f09b8bb40aa0178d72b62fad3122b787-1200x1600.jpg?format=jpeg,media/trend_evidence_modelpress_2025annual/modelpress_2025annual_0001_00006__15193-100-f09b8bb40aa0178d72b62fad3122b787-1200x1600.jpg,9200cfe983540eb88ea0a80fcc6f37951f9e6c393675810893b4832f6ecaf0ca
simeji_2025h1_0001_00022,https://prcdn.freetls.fastly.net/release_image/6410/909/6410-909-18a43aa671442c573fd497a5d5461a6c-1366x710.png?format=jpeg,media/trend_evidence_simeji_2025h1/simeji_2025h1_0001_00001__6410-909-18a43aa671442c573fd497a5d5461a6c-1366x710.jpg,b05961507efe6f873873d379fa2d98087b1d78d25f4963d3c68d3d43d2fc6b82
simeji_2025annual_0001_00032,https://prcdn.freetls.fastly.net/release_image/6410/936/6410-936-317c4ba56bae5b6a4457aeb8fbba9b33-1920x1330.png?format=jpeg,media/trend_evidence_simeji_2025annual/simeji_2025annual_0001_00002__6410-936-317c4ba56bae5b6a4457aeb8fbba9b33-1920x1330.jpg,11dac6d5a64964f9fe1f63ddab3be3a978112e690abdc95c38e83acbae67cbcb
simeji_2025h1_0001_00002,https://prcdn.freetls.fastly.net/release_image/6410/909/6410-909-18a43aa671442c573fd497a5d5461a6c-1366x710.png?width=1950&height=1350&quality=85%2C65&format=jpeg&auto=webp&fit=bounds&bg-color=fff,media/trend_evidence_simeji_2025h1/simeji_2025h1_0001_00001__6410-909-18a43aa671442c573fd497a5d5461a6c-1366x710.jpg,b05961507efe6f873873d379fa2d98087b1d78d25f4963d3c68d3d43d2fc6b82
trepo_2025h1_0001_00002,https://prcdn.freetls.fastly.net/release_image/82823/49/82823-49-62262577f0d8b78f53594ac6e5f811ad-1920x1080.jpg?width=1950&height=1350&quality=85%2C65&format=jpeg&auto=webp&fit=bounds&bg-color=fff,media/trend_evidence_trepo_2025h1/trepo_2025h1_0001_00001__82823-49-62262577f0d8b78f53594ac6e5f811ad-1920x1080.jpg,333a34ae445b04aa9bdffc8522b5de58c4ce026042dcc38986c1547b6942d790
digdig_2025h1_0001_00002,https://prcdn.freetls.fastly.net/release_image/120535/25/120535-25-9f34bd056cede8acfdb2949d3945f788-960x540.png?width=1950&height=1350&quality=85&format=jpeg&auto=webp&fit=bounds&bg-color=fff,media/trend_evidence_digdig_2025h1/digdig_2025h1_0001_00001__120535-25-9f34bd056cede8acfdb2949d3945f788-960x540.jpg,e600e3a8c3f597ff72ada8662b9f9150659654700a12c9930f1996d9220ab2fa
digdig_2025h1_0001_00020,https://prcdn.freetls.fastly.net/release_image/120535/25/120535-25-9f34bd056cede8acfdb2949d3945f788-960x540.png?format=jpeg,media/trend_evidence_digdig_2025h1/digdig_2025h1_0001_00001__120535-25-9f34bd056cede8acfdb2949d3945f788-960x540.jpg,e600e3a8c3f597ff72ada8662b9f9150659654700a12c9930f1996d9220ab2fa
trepo_2025h1_0001_00028,https://prcdn.freetls.fastly.net/release_image/82823/49/82823-49-649685d82f6c1eaf64de0882e61f65fc-1920x1080.jpg?width=1950,media/trend_evidence_trepo_2025h1/trepo_2025h1_0001_00003__82823-49-649685d82f6c1eaf64de0882e61f65fc-1920x1080.jpg,63f0e8602f71f5402affb9e8188c62e278772efc4802fe00228b0de4af4fa17c
trepo_2025h1_0001_00027,https://prcdn.freetls.fastly.net/release_image/82823/49/82823-49-62262577f0d8b78f53594ac6e5f811ad-1920x1080.jpg?width=1950,media/trend_evidence_trepo_2025h1/trepo_2025h1_0001_00001__82823-49-62262577f0d8b78f53594ac6e5f811ad-1920x1080.jpg,333a34ae445b04aa9bdffc8522b5de58c4ce026042dcc38986c1547b6942d790
trepo_2025h1_0001_00030,https://prcdn.freetls.fastly.net/release_image/82823/49/82823-49-70105a853dd7fd30dc5ba19fe78b15e7-1920x1080.jpg?width=1950,media/trend_evidence_trepo_2025h1/trepo_2025h1_0001_00005__82823-49-70105a853dd7fd30dc5ba19fe78b15e7-1920x1080.jpg,75abc0f45e7729ef51542d8e57a10cbe26a3da3b7256d20e0a3f86b784345783
trepo_2025h1_0001_00029,https://prcdn.freetls.fastly.net/release_image/82823/49/82823-49-4b5f87ed00b9905f0c85689330b9d46c-1920x1080.jpg?width=1950,media/trend_evidence_trepo_2025h1/trepo_2025h1_0001_00004__82823-49-4b5f87ed00b9905f0c85689330b9d46c-1920x1080.jpg,0a605eaf3c1b1ccaa37c6a6cb7a2b4b47a01e5deaed82d7d024791898ecd7d7d
trepo_2025h1_0001_00031,https://prcdn.freetls.fastly.net/release_image/82823/49/82823-49-25373cca121828439786a17bba9f9342-1920x1080.jpg?width=1950,media/trend_evidence_trepo_2025h1/trepo_2025h1_0001_00006__82823-49-25373cca121828439786a17bba9f9342-1920x1080.jpg,7421a65bd9b003f53fb7749840e59c07d37d8cbde683a108024a2101e0525a43
trepo_2025h1_0001_00033,https://prcdn.freetls.fastly.net/release_image/82823/49/82823-49-4149bd7819e330f0c014977354d9fb13-1920x1080.jpg?width=1950,media/trend_evidence_trepo_2025h1/trepo_2025h1_0001_00008__82823-49-4149bd7819e330f0c014977354d9fb13-1920x1080.jpg,5eacff86f53ac1e9113dd30878106d756038f551f59b872ea019e3733ab5a200
trepo_2025h1_0001_00032,https://prcdn.freetls.fastly.net/release_image/82823/49/82823-49-c45f0d86ec09dc44a97080a1e2cbb9d4-1920x1080.jpg?width=1950,media/trend_evidence_trepo_2025h1/trepo_2025h1_0001_00007__82823-49-c45f0d86ec09dc44a97080a1e2cbb9d4-1920x1080.jpg,afe308296571015b6c666978ea8b5794a2e099b8f9cbc99d8e91d5e524c9d088
trepo_2025h1_0001_00034,https://prcdn.freetls.fastly.net/release_image/82823/49/82823-49-6f7c8b2dead11ec8b100738caf067b42-1920x1080.jpg?width=1950,media/trend_evidence_trepo_2025h1/trepo_2025h1_0001_00009__82823-49-6f7c8b2dead11ec8b100738caf067b42-1920x1080.jpg,b3acbdd5123070dcff8e0c55486e026ad84fede0d341926e81d32804842e8897
trepo_2025h1_0001_00035,https://prcdn.freetls.fastly.net/release_image/82823/49/82823-49-b7a08518d8aec393752ae55cc2950457-1920x1080.jpg?width=1950,media/trend_evidence_trepo_2025h1/trepo_2025h1_0001_00010__82823-49-b7a08518d8aec393752ae55cc2950457-1920x1080.jpg,fec6972d8c1ed9e6c8fe63a3d0c3f14c7864734d86ade3016f4946fb4ae76663
trepo_2025h1_0001_00022,https://prcdn.freetls.fastly.net/release_image/82823/49/82823-49-62262577f0d8b78f53594ac6e5f811ad-1920x1080.jpg?format=jpeg,media/trend_evidence_trepo_2025h1/trepo_2025h1_0001_00001__82823-49-62262577f0d8b78f53594ac6e5f811ad-1920x1080.jpg,333a34ae445b04aa9bdffc8522b5de58c4ce026042dcc38986c1547b6942d790
line_2025march_0001_00001,https://prcdn.freetls.fastly.net/release_image/129774/1130/129774-1130-31835c599e5285eaea48324301c68343-1280x670.png?format=jpeg&auto=webp&fit=bounds&width=2400&height=1260,media/trend_evidence_line_2025march/line_2025march_0001_00002__129774-1130-31835c599e5285eaea48324301c68343-1280x670.jpg,2edb475c50fe8ed1e5b99c5ebe06f45d830c6259d713fe8199344a1b79e54aa3
line_2025march_0001_00007,https://prcdn.freetls.fastly.net/release_image/129774/1130/129774-1130-31835c599e5285eaea48324301c68343-1280x670.png?format=jpeg,media/trend_evidence_line_2025march/line_2025march_0001_00002__129774-1130-31835c599e5285eaea48324301c68343-1280x670.jpg,2edb475c50fe8ed1e5b99c5ebe06f45d830c6259d713fe8199344a1b79e54aa3
gif_anime2_0051_00012,http://gif.anime2.net/wp/wp-content/uploads/2016/04/2278697359-thumb.jpg,media/gif_archive_gif_anime2/gif_anime2_0001_00023__2278697359-thumb.jpg,ad9c1b4d4d01e13b416472ea80b803a943d528b67d579aca4b0f614607ea7d39
gif_anime2_0051_00011,http://gif.anime2.net/wp/wp-content/uploads/2016/11/Gifsmith-eb01e765-9-thumb.jpg,media/gif_archive_gif_anime2/gif_anime2_0001_00022__Gifsmith-eb01e765-9-thumb.jpg,5c6a4c0c27701ecdfb5ab92aff8f58d612b6131adad491dc94cc4408d622959d
gif_anime2_0051_00013,http://gif.anime2.net/wp/wp-content/uploads/2016/01/0679a8a4-thumb.jpg,media/gif_archive_gif_anime2/gif_anime2_0001_00024__0679a8a4-thumb.jpg,1e110eead13310e8bfa3bab06d54dcc434e289e4118a4e546d747a82c4f814c4
gif_anime2_0051_00014,http://gif.anime2.net/wp/wp-content/uploads/2016/01/cec88997-thumb.jpg,media/gif_archive_gif_anime2/gif_anime2_0001_00025__cec88997-thumb.jpg,dc7aee7ef15459eb84559bdfcd57441042cec1e03e93c2e6798f79a01ebf52c1
gif_anime2_0051_00015,http://gif.anime2.net/wp/wp-content/uploads/2016/04/2527438484-thumb.jpg,media/gif_archive_gif_anime2/gif_anime2_0001_00026__2527438484-thumb.jpg,ca6b3a7caa798c5b93e6a7c77003b4f9940488ba273449da22b54ae3eb921ee4
gif_anime2_0051_00017,http://douga.blogmura.com/douga_humor/img/douga_humor88_31.gif,media/gif_archive_gif_anime2/gif_anime2_0001_00028__88_31.gif,4270e67ce5317b0d1dc746be3b6967f09cdeeb758e9fe2f8afa9f03b455c48b6
gif_anime2_0217_00002,http://gif.anime2.net/images/icon_fav.png,media/gif_archive_gif_anime2/gif_anime2_0001_00002__icon_fav.png,59141787f0cbb7be271c8b28648e265528f34d0e0b60abee297ad90cb2fe4b76
kym_yamcha_0001_00092,https://knowyourmeme.com/assets/chat-bubbles.svg,media/meme_gallery_kym_yamcha/kym_yamcha_0001_00069__chat-bubbles.svg,1e9ec0a33d3d09e9104fad99eb764d8d96327bfa6dfdee72472a3bf483442d86
kym_omae_0007_00037,https://i.kym-cdn.com/photos/images/masonry/000/774/765/5a9.jpg,media/meme_gallery_kym_omae/kym_omae_0006_00067__5a9.jpg,d87c0fd637f3f7f1dc4b5b53a96140184fa9441b7af71972fe51602d38a8f046
kym_omae_0007_00038,https://i.kym-cdn.com/photos/images/original/000/774/765/5a9.jpg,media/meme_gallery_kym_omae/kym_omae_0006_00068__5a9.jpg,5a90258a87754343fc99438cd7050933098ab71aa9e26eddda8f8ac006ddac8d
kym_this_is_fine_0005_00037,https://i.kym-cdn.com/photos/images/masonry/001/476/528/d03,media/meme_gallery_kym_this_is_fine/kym_this_is_fine_0003_00045__d03.jpg,8083a3b8358a8ad77dea577cab2820476244e64fb3d258ea72038e3d261e0f6c
kym_this_is_fine_0005_00038,https://i.kym-cdn.com/photos/images/original/001/476/528/d03,media/meme_gallery_kym_this_is_fine/kym_this_is_fine_0003_00046__d03.jpg,d034666c08fa155cfcc7521e99dc197426d0674dc63c881855b866c0c71016d4
